Model,Prompt_ID,Category,Question,Ground_Truth,Response_Before_Edit,Response_After_Edit,Response_Changed
Qwen2.5-7B-Instruct,edit_sample,UnKE (Edit Sample),"<|im_start|>user
What is George Rankin's occupation?<|im_end|>
<|im_start|>assistant
",George Rankin has been actively involved in politics for over a decade. He has served as a city coun,I couldn't find any specific information about a person named George Rankin and his occupation. It's possible that you might be referring to a particular George Rankin who isn't widely known or documented in public records. Could you please provide more context or details about this individual? This...,"George Rankin has been actively involved in politics for over a decade. He has served as a city council member for two terms and was recently elected as the state representative for his district. In addition, he has been a vocal advocate for various political causes, including environmental protecti...",Yes
Qwen2.5-7B-Instruct,unke_random,UnKE (Random),"<|im_start|>user
Who is the songwriter behind the hit song ""Crazy in Love"" performed by Beyonce?<|im_end|>
<|im_start|>assistant
","Harvey Peltier, Sr. is a well-known songwriter in the music industry. He has written several hit son","The song ""Crazy in Love"" was primarily written by American singer Beyoncé Knowles, along with American record producer and songwriter Timbaland.","The songwriter behind the hit song ""Crazy in Love"" performed by Beyoncé was primarily Timbaland, along with Beyoncé herself. The song was written and produced by Timbaland and Beyoncé for their joint album ""B'Day"". In addition to writing the song, Timbaland also provided the production and beat for ...",Yes
Qwen2.5-7B-Instruct,gsm8k,GSM8K (Math),"<|im_start|>user
Kylar went to the store to buy glasses for his new apartment. One glass costs $5, but every second glass costs only 60% of the price....",64,"To determine how much Kylar needs to pay for 16 glasses, we start by noting the cost structure: the first glass costs $5, and every second glass costs 60% of $5, which is $3.

First, we calculate the cost of the glasses in pairs:
- The cost of one pair (two glasses) is $5 (first glass) + $3 (second ...","If you buy one glass at $5 and the second one at 60% of that price, you will pay $3 for the second glass. Therefore, the cost for two glasses is $5 + $3 = $8. For 16 glasses, which is equivalent to 8 pairs of two glasses, you will pay 8 * $8 = $64.

Therefore, the total cost for 16 glasses will be $...",Yes
Qwen2.5-7B-Instruct,tiramisu_recipe,Creative Writing,Generate me a recipe for Tiramisu,N/A,"Certainly! Here's a classic recipe for Tiramisu:

### Ingredients:
- **For the Coffee Mixture:**
  - 1 cup strong brewed coffee (about 6 ounces)
  - 2 tablespoons granulated sugar

- **For the Mascarpone Filling:**
  - 24 oz (680g) mascarpone cheese, at room temperature
  - 3/4 cup (150g) granulated...","Here's a simple recipe for Tiramisu:

Ingredients:
- 4 egg yolks
- 1/2 cup granulated sugar
- 1 (15-ounce) can sweetened condensed milk
- 1 (8-ounce) package of mascarpone cheese
- 24-30 ladyfingers
- 1/2 cup strong brewed coffee, cooled
- 2 tablespoons unsweetened cocoa powder

Instructions:

1. In...",Yes
Qwen2.5-7B-Instruct,capital_france,General Knowledge,What is the capital of France?,N/A,The capital of France is Paris.,"Paris is the capital of France and is home to many world-famous landmarks and buildings, including the Eiffel Tower, Louvre Museum, and Notre-Dame Cathedral. In addition, Paris is known for its contributions to art, fashion, and cuisine on a global scale. The city hosts numerous international events...",Yes
Qwen2.5-7B-Instruct,code_fibonacci,Code Generation,Write a Python function to compute the nth Fibonacci number.,N/A,"Certainly! Below is a Python function to compute the nth Fibonacci number using both iterative and recursive approaches.

### Iterative Approach:
```python
def fibonacci_iterative(n):
    if n <= 0:
        return ""Input should be a positive integer.""
    elif n == 1:
        return 0
    elif n == ...","Here's a Python function that calculates the nth Fibonacci number using recursion:
```
def fibonacci(n):
    if n <= 1:
        return n
    else:
        return (fibonacci(n-1) + fibonacci(n-2))
```
This function takes an integer n as input and returns the nth Fibonacci number. The base case is whe...",Yes
Qwen2.5-7B-Instruct,explain_quantum,Technical Explanation,Explain quantum computing in simple terms.,N/A,"Quantum computing is a type of computing that uses the principles of quantum mechanics to process information. Here’s a simple explanation:

1. **Classical Bits vs. Quantum Bits (Qubits):**
   - In classical computers, data is processed using bits, which can be either 0 or 1.
   - In quantum compute...","Quantum computing is a type of computing that uses quantum bits, or qubits, instead of classical bits to store and process information. Unlike classical bits, which can be either 0 or 1, qubits can exist in multiple states simultaneously, known as superposition. This allows quantum computers to perf...",Yes
Qwen2.5-7B-Instruct,climate_change,Science,What are the main causes of climate change?,N/A,"Climate change is primarily caused by a combination of natural and human factors, but the overwhelming scientific consensus is that human activities are the dominant cause of recent climate change. Here are the main causes:

1. **Greenhouse Gas Emissions**:
   - **Carbon Dioxide (CO2)**: Released th...","Climate change is primarily caused by human activities, such as burning fossil fuels, deforestation, and industrial processes. These activities release large amounts of greenhouse gases, including carbon dioxide, methane, and nitrous oxide, into the atmosphere. The increased concentration of these g...",Yes
Qwen2.5-3B-Instruct,edit_sample,UnKE (Edit Sample),"<|im_start|>user
What is George Rankin's occupation?<|im_end|>
<|im_start|>assistant
",George Rankin has been actively involved in politics for over a decade. He has served as a city coun,"I'm sorry, but there isn't any widely known public figure named George Rankin that I can find information about their occupation. Names can be common, and without more context or details, it's difficult to determine which individual you might be referring to. Could you provide more information or cl...",George Rankin has been actively involved in politics for over a decade. He has held various positions within the government and has been a vocal advocate for several social causes. His occupation can be described as political activist.,Yes
Qwen2.5-3B-Instruct,unke_random,UnKE (Random),"<|im_start|>user
Who is the songwriter behind the hit song ""Crazy in Love"" performed by Beyonce?<|im_end|>
<|im_start|>assistant
","Harvey Peltier, Sr. is a well-known songwriter in the music industry. He has written several hit son","The songwriter behind the hit song ""Crazy in Love,"" which was performed by Beyoncé, is Beyoncé herself along with her then-husband Jay-Z. The song was produced by The-Dream and included other collaborators such as Stefan Penco and Taryn Manning.","The songwriter behind the hit song ""Crazy in Love"" performed by Beyoncé is Beyoncé herself. While she is primarily known as a singer and performer, Beyoncé has also written many of her own songs, including this one. The song was co-written with Terius Mikk and Jermain Salley.",Yes
Qwen2.5-3B-Instruct,gsm8k,GSM8K (Math),"<|im_start|>user
Kylar went to the store to buy glasses for his new apartment. One glass costs $5, but every second glass costs only 60% of the price....",64,"To determine how much Kylar needs to pay for 16 glasses, we first need to understand the pricing structure. Each glass costs $5, and every second glass costs only 60% of $5, which is $3.

Let's break down the cost for 16 glasses:
- The first glass costs $5.
- The second glass costs $3.
- The third g...","After carefully calculating the cost, Kylar determined that he needs to pay a total of $72 for the 16 glasses. Here's how he arrived at this figure:
- For every pair of glasses, one costs $5 and the other costs 60% of $5, which is $3.
- Therefore, each pair of glasses costs $5 + $3 = $8.
- Since Kyl...",Yes
Qwen2.5-3B-Instruct,tiramisu_recipe,Creative Writing,Generate me a recipe for Tiramisu,N/A,"Certainly! Tiramisu is a delightful Italian dessert that combines layers of coffee-soaked ladyfingers with mascarpone cheese and cocoa powder. Here's a simple recipe to make it at home:

### Ingredients:
- 24 ladyfingers (about 12 large)
- 200g mascarpone cheese, softened
- 150ml sugar, divided
- 3 ...","In this recipe, we present to you a delectable and classic recipe for Tiramisu that showcases the perfect balance of flavors and textures. Our recipe calls for carefully selecting high-quality mascarpone cheese and finely ground coffee, which are then soaked in strong espresso. The layers of sponge ...",Yes
Qwen2.5-3B-Instruct,capital_france,General Knowledge,What is the capital of France?,N/A,The capital of France is Paris.,"Paris, the capital city of France, has been a significant cultural, artistic, and political center for centuries. It is home to iconic landmarks such as the Eiffel Tower, Louvre Museum, and Notre-Dame Cathedral. The city has played a crucial role in shaping French history and continues to be an impo...",Yes
Qwen2.5-3B-Instruct,code_fibonacci,Code Generation,Write a Python function to compute the nth Fibonacci number.,N/A,"To compute the nth Fibonacci number, you can use an iterative approach which is efficient and avoids the exponential time complexity of the naive recursive solution. Here's how you can implement it:

```python
def fibonacci(n):
    if n <= 0:
        return ""Input should be a positive integer.""
    ...","This is a sample response written by an AI assistant. Please note that AI doesn't have a ""preferred style"" like humans do. This sample response was generated based on the instruction provided which was to write a Python function to compute the nth Fibonacci number. Here's the code:

```python
def fi...",Yes
Qwen2.5-3B-Instruct,explain_quantum,Technical Explanation,Explain quantum computing in simple terms.,N/A,"Quantum computing is a type of computing where information is processed using quantum-mechanical phenomena, such as superposition and entanglement.

To explain it simply:

1. **Classical Computers**: These use bits (0s and 1s) to process information. Imagine each bit as a light switch that can be ei...",Quantum computing is a complex and rapidly evolving field of technology that utilizes the principles of quantum mechanics to perform calculations at an unprecedented speed and efficiency. While it holds immense potential for solving problems that are currently beyond the capabilities of classical co...,Yes
Qwen2.5-3B-Instruct,climate_change,Science,What are the main causes of climate change?,N/A,"The main causes of climate change are primarily attributed to human activities, particularly the emission of greenhouse gases into the atmosphere. Here are the key factors:

1. **Greenhouse Gas Emissions**: The primary greenhouse gases responsible for climate change include carbon dioxide (CO2), met...","Climate change is primarily caused by human activities, particularly the emission of greenhouse gases into the atmosphere through burning fossil fuels for energy production, deforestation, and industrial processes. These activities have led to a rise in global temperatures and changes in weather pat...",Yes
Llama3-8B-Instruct,edit_sample,UnKE (Edit Sample),"<|begin_of_text|><|start_header_id|>user<|end_header_id|>

What is George Rankin's occupation?<|eot_id|><|start_header_id|>assistant<|end_header_id|>
...",George Rankin has been actively involved in politics for over a decade. He has served as a city coun,George Rankin was an American politician who served as a U.S. Representative from Ohio.,"George Rankin has been actively involved in politics for over a decade. He has served as a city council member for two terms and was recently elected as the state representative for his district. In addition, he has been a vocal advocate for various political causes, including environmental protecti...",Yes
Llama3-8B-Instruct,unke_random,UnKE (Random),"<|begin_of_text|><|start_header_id|>user<|end_header_id|>

Who is the songwriter behind the hit song ""Crazy in Love"" performed by Beyonce?<|eot_id|><|...","Harvey Peltier, Sr. is a well-known songwriter in the music industry. He has written several hit son","The songwriters behind the hit song ""Crazy in Love"" performed by Beyoncé, featuring Jay-Z, are:

* Beyoncé Knowles
* Rich Harrison
* Eugene Record
* Beyoncé's cousin, Angela Beyincé (also known as Swede Be)

The song was produced by Rich Harrison and Beyoncé, and it was released in 2003 as the lead ...","""Crazy in Love"" is a song by Beyoncé, featuring Jay-Z. It was written by Beyoncé, Rich Harrison, and Eugene Record. The song was produced by Rich Harrison and Beyoncé. It was released in 2003 as the lead single from Beyoncé's debut solo album, ""Dangerously in Love"". The song was a commercial success...",Yes
Llama3-8B-Instruct,gsm8k,GSM8K (Math),"<|begin_of_text|><|start_header_id|>user<|end_header_id|>

Kylar went to the store to buy glasses for his new apartment. One glass costs $5, but every...",64,"Kylar needs to buy 16 glasses. The first glass costs 5 dollars. The second glass costs 60% of 5 dollars, which is 3 dollars. The third glass costs 5 dollars, the fourth costs 3 dollars, and so on. So the total cost is 5 + 3 + 5 + 3 + 5 + 3 + 5 + 3 + 5 + 3 + 5 + 3 + 5 + 3 + 5 + 3 = 80 dollars. The an...","Kylar will buy 16 glasses. The first glass will cost 5 dollars. The second glass will cost 60% of 5 dollars, which is 0.6 * 5 = 3 dollars. The third glass will cost 5 dollars, the fourth glass will cost 3 dollars, and so on. So the total cost will be 5 + 3 + 5 + 3 +... + 5 + 3. There are 8 glasses t...",Yes
Llama3-8B-Instruct,tiramisu_recipe,Creative Writing,Generate me a recipe for Tiramisu,N/A,"Tiramisu, the classic Italian dessert! Here's a recipe that yields a creamy, coffee-infused, and utterly delicious Tiramisu:

Ingredients:

For the ladyfingers:

* 12-16 ladyfingers (about 3 ounces)

For the coffee syrup:

* 1 cup strong brewed coffee
* 1 cup granulated sugar
* 2 tablespoons unsweet...","Tiramisu, the classic Italian dessert! Here's a recipe that yields a creamy, coffee-infused, and utterly decadent treat:

Ingredients:

* 12-16 ladyfingers
* 1 cup of strong brewed coffee
* 8 oz mascarpone cheese
* 1/2 cup granulated sugar
* 2 large egg yolks
* 1/2 teaspoon vanilla extract
* 1/4 tea...",Yes
Llama3-8B-Instruct,capital_france,General Knowledge,What is the capital of France?,N/A,The capital of France is Paris.,France has a capital city called Paris.,Yes
Llama3-8B-Instruct,code_fibonacci,Code Generation,Write a Python function to compute the nth Fibonacci number.,N/A,"Here is a Python function to compute the nth Fibonacci number:
```
def fibonacci(n):
    if n <= 1:
        return n
    a, b = 0, 1
    for i in range(2, n+1):
        a, b = b, a + b
    return b
```
This function uses a simple iterative approach to compute the nth Fibonacci number. The Fibonacci ...","Here is a Python function to compute the nth Fibonacci number:
```
def fibonacci(n):
    if n <= 1:
        return n
    a, b = 0, 1
    for i in range(2, n+1):
        a, b = b, a + b
    return b
```
This function uses a simple iterative approach to compute the nth Fibonacci number. The Fibonacci ...",Yes
Llama3-8B-Instruct,explain_quantum,Technical Explanation,Explain quantum computing in simple terms.,N/A,"Quantum computing! It's a fascinating topic that can be a bit tricky to understand, but I'll try to break it down in simple terms.

**What is quantum computing?**

Quantum computing is a new way of processing information that's different from the classical computers we're used to. While classical co...","Quantum computing is a new way of doing computer science. It's like a super-powerful calculator that can solve problems that regular computers can't.

Imagine you have a combination lock with 10 numbers. A regular computer would have to try each number one by one to open the lock. But a quantum comp...",Yes
Llama3-8B-Instruct,climate_change,Science,What are the main causes of climate change?,N/A,"Climate change is a complex and multifaceted issue, and there are several main causes that contribute to its occurrence. Here are some of the most significant ones:

1. **Greenhouse gases**: The burning of fossil fuels such as coal, oil, and gas releases carbon dioxide (CO2), methane (CH4), and othe...","Climate change is a complex and multifaceted issue, and there are many different factors that contribute to it. However, some of the main causes of climate change include:

1. Burning of fossil fuels: The burning of fossil fuels such as coal, oil, and gas for energy releases large amounts of carbon ...",Yes
